<?xml version="1.0" encoding="UTF-8"?>

<!DOCTYPE gsa-template SYSTEM "dynamosystemresource:/atg/dtds/gsa/gsa_1.0.dtd">

<gsa-template>
    <add-item item-descriptor="review" id="1">
        <set-property name="review_text" value="Fantastic product!"/>
        <set-property name="rating" value="Excellent"/>
        <set-property name="review_date" value="2015-01-21 00:00:00"/>
        <set-property name="author_name" value="John Doe"/>
        <set-property name="days_used" value="7"/>
    </add-item>

    <add-item item-descriptor="review" id="2">
        <set-property name="review_text" value="I am happy with it"/>
        <set-property name="rating" value="Good"/>
        <set-property name="review_date" value="2015-02-02 00:00:00"/>
        <set-property name="author_name" value="Mike Smith"/>
        <set-property name="days_used" value="3"/>
    </add-item>

    <add-item item-descriptor="review" id="3">
        <set-property name="review_text" value="No complains"/>
        <set-property name="rating" value="Satisfactory"/>
        <set-property name="review_date" value="2015-01-21 00:00:00"/>
        <set-property name="author_name" value="Kevin R"/>
    </add-item>

    <add-item item-descriptor="review" id="4">
        <set-property name="review_text" value="Does not worth its prise"/>
        <set-property name="rating" value="Bad"/>
        <set-property name="review_date" value="2015-01-27 00:00:00"/>
        <set-property name="days_used" value="3"/>
    </add-item>

    <add-item item-descriptor="review" id="5">
        <set-property name="review_text" value="Awful quality!"/>
        <set-property name="rating" value="Terrible"/>
        <set-property name="review_date" value="2015-01-24 00:00:00"/>
    </add-item>

    <add-item item-descriptor="review" id="6">
        <set-property name="review_text" value="It's Ok"/>
        <set-property name="rating" value="Satisfactory"/>
        <set-property name="review_date" value="2015-01-14 00:00:00"/>
        <set-property name="author_name" value="Colin C"/>
        <set-property name="days_used" value="2"/>
    </add-item>

    <add-item item-descriptor="review" id="7">
        <set-property name="review_text" value="Yet another review"/>
        <set-property name="rating" value="Excellent"/>
        <set-property name="review_date" value="2015-01-04 00:00:00"/>
        <set-property name="author_name" value="Jimi P"/>
        <set-property name="days_used" value="1"/>
    </add-item>

    <add-item item-descriptor="review" id="8">
        <set-property name="review_text" value="Strong and robust"/>
        <set-property name="rating" value="Satisfactory"/>
        <set-property name="review_date" value="2015-01-20 00:00:00"/>
        <set-property name="days_used" value="5"/>
    </add-item>
</gsa-template>