<?xml version="1.0" encoding="UTF-8"?>

<!DOCTYPE gsa-template SYSTEM "dynamosystemresource:/atg/dtds/gsa/gsa_1.0.dtd">

<gsa-template>
    <query-items item-descriptor="review">ALL</query-items>
    <print-item item-descriptor="review"/>

    <query-items item-descriptor="review">id=3</query-items>
    <print-item item-descriptor="review" id="3"/>

    <query-items item-descriptor="review">
        rating="Good" OR rating="Excellent"
    </query-items>


    <query-items item-descriptor="review">
        review_date >= date("2015-01-01") AND date("2015-01-31") >= review_date
    </query-items>

    <query-items item-descriptor="review">
        NOT author_name IS NULL
    </query-items>

    <query-items item-descriptor="review">
        days_used >= 3
    </query-items>

    <query-items item-descriptor="review">
        author_name IS NULL OR days_used IS NULL
    </query-items>

</gsa-template>