<?xml version="1.0" encoding="UTF-8"?>

<!DOCTYPE gsa-template SYSTEM "dynamosystemresource:/atg/dtds/gsa/gsa_1.0.dtd">

<gsa-template>
    <item-descriptor name="review">
        <table name="atgcrs_review" id-column-name="review_id" type="primary">
            <property name="id" column-name="review_id" required="true">
                    <attribute name="unique" value="true"/>
            </property>
            <property name="review_text" data-type="string" required="true"/>
            <property name="rating" data-type="enumerated" required="true">
                <option value="Terrible" code="1"/>
                <option value="Bad" code="2"/>
                <option value="Satisfactory" code="3"/>
                <option value="Good" code="4"/>
                <option value="Excellent" code="5"/>
            </property>
            <property name="review_date" data-type="timestamp" required="true"/>
            <property name="author_name" data-type="string"/>
            <property name="days_used" data-type="int"/>
        </table>
    </item-descriptor>
</gsa-template>